month,company,stock_market,stock_country,close,vaccaine,phase_1,phase_2,phase_3,authorized,approved,abandoned,US,roc,Number.of.Stocks,Market.Cap,cum_change
2,1,NASDAQ,USA,25.93,1,1,0,0,0,0,0,1,0.26,333250000,6834957500,0.26
3,1,NASDAQ,USA,29.95,1,1,1,0,0,0,0,1,0.16,368643000,9558912990,0.46
4,1,NASDAQ,USA,45.99,1,1,1,0,0,0,0,1,0.54,368643000,11040857850,1.24
5,1,NASDAQ,USA,61.5,1,1,1,0,0,0,0,1,0.34,368643000,16953891570,2
6,1,NASDAQ,USA,64.21,1,1,1,0,0,0,0,1,0.04,388824000,23912676000,2.13
7,1,NASDAQ,USA,74.1,1,1,1,1,0,0,0,1,0.15,388824000,24966389040,2.61
8,1,NASDAQ,USA,64.89,1,1,1,1,0,0,0,1,-0.12,388824000,28811858400,2.16
9,1,NASDAQ,USA,70.75,1,1,1,1,0,0,0,1,0.09,394587000,25604750430,2.45
10,1,NASDAQ,USA,67.47,1,1,1,1,0,0,0,1,-0.05,394587000,27917030250,2.29
11,1,NASDAQ,USA,152.74,1,1,1,1,0,0,0,1,1.26,395710000,26698553700,6.45
12,1,NASDAQ,USA,104.47,1,1,1,1,0,0,0,1,-0.32,395710000,60440745400,4.09
13,1,NASDAQ,USA,173.16,1,1,1,1,1,0,0,1,0.66,395710000,41339823700,7.44
14,1,NASDAQ,USA,154.81,1,1,1,1,1,0,0,1,-0.11,395710000,68521143600,6.55
15,1,NASDAQ,USA,130.95,1,1,1,1,1,0,0,1,-0.15,395710000,61259865100,5.38
16,1,NASDAQ,USA,178.82,1,1,1,1,1,0,0,1,0.37,400525000,52448748750,7.72
17,1,NASDAQ,USA,185.01,1,1,1,1,1,0,0,1,0.03,400525000,71621880500,8.02
18,1,NASDAQ,USA,234.98,1,1,1,1,1,0,0,1,0.27,401528000,74286695280,10.46
19,1,NASDAQ,USA,353.6,1,1,1,1,1,0,0,1,0.5,401528000,94351049440,16.24
20,1,NASDAQ,USA,376.69,1,1,1,1,1,1,0,1,0.07,401528000,141980000000,17.37
21,1,NASDAQ,USA,384.86,1,1,1,1,1,1,0,1,0.02,403646000,152049000000,17.76
22,1,NASDAQ,USA,332.11,1,1,1,1,1,1,0,1,-0.14,403646000,155347000000,15.19
2,2,NYSE,USA,31.71,1,1,0,0,0,0,0,1,-0.1,5534122000,206091000000,-0.1
3,2,NYSE,USA,30.97,1,1,0,0,0,0,0,1,-0.02,5534122000,184950000000,-0.12
4,2,NYSE,USA,36.39,1,1,0,0,0,0,0,1,0.18,5547639000,181075000000,0.03
5,2,NYSE,USA,36.23,1,1,0,0,0,0,0,1,0,5547639000,212807000000,0.03
6,2,NYSE,USA,31.02,1,1,0,0,0,0,0,1,-0.14,5554834000,212139000000,-0.12
7,2,NYSE,USA,36.51,1,1,1,0,0,0,0,1,0.18,5554834000,181643000000,0.03
8,2,NYSE,USA,35.85,1,1,1,0,0,0,0,1,-0.02,5554834000,213750000000,0.01
9,2,NYSE,USA,34.82,1,1,1,0,0,0,0,1,-0.03,5556880000,209994000000,-0.01
10,2,NYSE,USA,33.66,1,1,1,0,0,0,0,1,-0.03,5556880000,203937000000,-0.05
11,2,NYSE,USA,38.31,1,1,1,0,0,0,0,1,0.14,5556880000,197158000000,0.08
12,2,NYSE,USA,36.81,1,1,1,1,0,0,0,1,-0.04,5558397000,212942000000,0.04
13,2,NYSE,USA,35.9,1,1,1,1,1,0,0,1,-0.02,5558397000,204605000000,0.02
14,2,NYSE,USA,33.49,1,1,1,1,1,0,0,1,-0.07,5558397000,199546000000,-0.05
15,2,NYSE,USA,36.23,1,1,1,1,1,0,0,1,0.08,5577629000,186795000000,0.03
16,2,NYSE,USA,38.65,1,1,1,1,1,0,0,1,0.07,5578164000,202097000000,0.09
17,2,NYSE,USA,38.73,1,1,1,1,1,0,0,1,0,5578164000,215596000000,0.1
18,2,NYSE,USA,39.16,1,1,1,1,1,0,0,1,0.01,5597694000,216799000000,0.11
19,2,NYSE,USA,42.81,1,1,1,1,1,0,0,1,0.09,5597694000,219206000000,0.21
20,2,NYSE,USA,46.07,1,1,1,1,1,0,0,1,0.08,5597694000,239637000000,0.3
21,2,NYSE,USA,43.01,1,1,1,1,1,1,0,1,-0.07,5606688000,258300000000,0.22
22,2,NYSE,USA,42.32,1,1,1,1,1,1,0,1,-0.02,5606688000,241144000000,0.2
2,3,NASDAQ,USA,35.1,1,1,0,0,0,0,0,1,0.2,226780000,6624243800,0.2
3,3,NASDAQ,USA,58.4,1,1,0,0,0,0,0,1,0.66,226780000,7959978000,1
4,3,NASDAQ,USA,47.48,1,1,0,0,0,0,0,1,-0.19,226780000,13243952000,0.63
5,3,NASDAQ,USA,49.53,1,1,0,0,0,0,0,1,0.04,226780000,10767514400,0.7
6,3,NASDAQ,USA,66.74,1,1,0,0,0,0,0,1,0.35,228605000,11322805650,1.28
7,3,NASDAQ,USA,82.11,1,1,1,0,0,0,0,1,0.23,228605000,15257097700,1.81
8,3,NASDAQ,USA,61.25,1,1,1,0,0,0,0,1,-0.25,238173000,19556385030,1.1
9,3,NASDAQ,USA,69.23,1,1,1,0,0,0,0,1,0.13,238173000,14588096250,1.37
10,3,NASDAQ,USA,85.36,1,1,1,0,0,0,0,1,0.23,238173000,16488716790,1.92
11,3,NASDAQ,USA,124.24,1,1,1,0,0,0,0,1,0.46,238173000,20330447280,3.25
12,3,NASDAQ,USA,81.52,1,1,1,1,0,0,0,1,-0.34,238173000,29590613520,1.79
13,3,NASDAQ,USA,116.94,1,1,1,1,1,0,0,1,0.43,238173000,19415862960,3
14,3,NASDAQ,USA,109.03,1,1,1,1,1,0,0,1,-0.07,238173000,27851950620,2.73
15,3,NASDAQ,USA,109.19,1,1,1,1,1,0,0,1,0,238173000,25968002190,2.74
16,3,NASDAQ,USA,188.28,1,1,1,1,1,0,0,1,0.72,238173000,26006109870,5.45
17,3,NASDAQ,USA,204,1,1,1,1,1,0,0,1,0.08,238173000,44843212440,5.98
18,3,NASDAQ,USA,223.88,1,1,1,1,1,0,0,1,0.1,238173000,48587292000,6.66
19,3,NASDAQ,USA,328.35,1,1,1,1,1,0,0,1,0.47,238173000,53322171240,10.24
20,3,NASDAQ,USA,329.19,1,1,1,1,1,0,0,1,0,238173000,78204104550,10.27
21,3,NASDAQ,USA,272.99,1,1,1,1,1,1,0,1,-0.17,238173000,78404169870,8.35
22,3,NASDAQ,USA,250.12,1,1,1,1,1,1,0,1,-0.08,238173000,65018847270,7.56
2,6,SHE,China,28.6,0,0,0,0,0,0,0,0,0.01,1537436984,5695115626,0.01
3,6,SHE,China,31.66,0,0,0,0,0,0,0,0,0.11,1537436984,6474227609,0.12
4,6,SHE,China,40.53,0,0,0,0,0,0,0,0,0.28,1537436984,6802348006,0.44
5,6,SHE,China,42.12,0,0,0,0,0,0,0,0,0.04,1537436984,8800120778,0.49
6,6,SHE,China,52.4,1,1,0,0,0,0,0,0,0.24,1537436984,9351956551,0.86
7,6,SHE,China,80.86,1,1,0,0,0,0,0,0,0.54,1537436984,11240913556,1.86
8,6,SHE,China,63.8,1,1,0,0,0,0,0,0,-0.21,1537436984,19127732234,1.26
9,6,SHE,China,50.81,1,1,0,0,0,0,0,0,-0.2,1537436984,13742981442,0.8
10,6,SHE,China,49.68,1,1,0,0,0,0,0,0,-0.02,1543451984,11524738659,0.76
11,6,SHE,China,42.9,1,1,0,0,0,0,0,0,-0.14,1543451984,11220624434,0.52
12,6,SHE,China,38.56,1,1,0,0,0,0,0,0,-0.1,1543451984,10238761923,0.37
13,6,SHE,China,39.6,1,1,1,0,0,0,0,0,0.03,1543451984,9100044204,0.4
14,6,SHE,China,45.81,1,1,1,0,0,0,0,0,0.16,1543451984,10295504239,0.62
15,6,SHE,China,45.19,1,1,1,0,0,0,0,0,-0.01,1543451984,11160095746,0.6
16,6,SHE,China,62.5,1,1,1,1,0,0,0,0,0.38,1546237084,10784291463,1.21
17,6,SHE,China,70.16,1,1,1,1,0,0,0,0,0.12,1546237084,14817426355,1.48
18,6,SHE,China,61.7,1,1,1,1,0,0,0,0,-0.12,1546237084,16795877933,1.18
19,6,SHE,China,85.99,1,1,1,1,0,0,0,0,0.39,1546237084,14473617060,2.04
20,6,SHE,China,77.7,1,1,1,1,0,0,0,0,-0.1,1546237084,20735609408,1.75
21,6,SHE,China,63.18,1,1,1,1,0,0,0,0,-0.19,1566186984,19415118557,1.24
22,6,SHE,China,63.18,1,1,1,1,0,0,0,0,0,1581524784,15473817254,1.24
2,7,NASDAQ,USA,13.85,0,0,0,0,0,0,0,1,0.34,15138000,155921400,0.34
3,7,NASDAQ,USA,13.59,0,0,0,0,0,0,0,1,-0.02,15138000,209661300,0.32
4,7,NASDAQ,USA,34.5,0,0,0,0,0,0,0,1,1.54,15138000,205725420,2.35
5,7,NASDAQ,USA,38.94,0,0,0,0,0,0,0,1,0.13,19873000,685618500,2.78
6,7,NASDAQ,USA,46.74,0,0,0,0,0,0,0,1,0.2,20492000,797958480,3.54
7,7,NASDAQ,USA,52.23,0,0,0,0,0,0,0,1,0.12,20492000,957796080,4.07
8,7,NASDAQ,USA,48.24,1,1,0,0,0,0,0,1,-0.08,23874000,1246939020,3.68
9,7,NASDAQ,USA,42.9,1,1,0,0,0,0,0,1,-0.11,24388000,1176477120,3.17
10,7,NASDAQ,USA,54.08,1,1,0,0,0,0,0,1,0.26,24388000,1046245200,4.25
11,7,NASDAQ,USA,91.76,1,1,0,0,0,0,0,1,0.7,24473000,1323499840,7.91
12,7,NASDAQ,USA,43.38,1,1,0,0,0,0,0,1,-0.53,24493000,2247477680,3.21
13,7,NASDAQ,USA,72.46,1,1,1,0,0,0,0,1,0.67,25858000,1121720040,6.03
14,7,NASDAQ,USA,52.67,1,1,1,0,0,0,0,1,-0.27,25858000,1873670680,4.11
15,7,NASDAQ,USA,41.3,1,1,1,0,0,0,0,1,-0.22,26280000,1384167600,3.01
16,7,NASDAQ,USA,36.66,1,1,1,0,0,0,0,1,-0.11,26280000,1085364000,2.56
17,7,NASDAQ,USA,29.22,1,1,1,0,0,0,0,1,-0.2,26280000,963424800,1.84
18,7,NASDAQ,USA,33.84,1,1,1,0,0,0,0,1,0.16,26320000,769070400,2.29
19,7,NASDAQ,USA,31.31,1,1,1,0,0,0,0,1,-0.07,26320000,890668800,2.04
20,7,NASDAQ,USA,54.81,1,1,1,1,0,0,0,1,0.75,26320000,824079200,4.32
21,7,NASDAQ,USA,47.78,1,1,1,1,0,0,0,1,-0.13,26327000,1442982870,3.64
22,7,NASDAQ,USA,41.35,1,1,1,1,0,0,0,1,-0.13,26327000,1257904060,3.01
2,8,NASDAQ,USA,4.28,1,1,0,0,0,0,0,1,-0.06,100010000,453045300,-0.06
3,8,NASDAQ,USA,7.44,1,1,0,0,0,0,0,1,0.74,101361000,433825080,0.64
4,8,NASDAQ,USA,12.03,1,1,0,0,0,0,0,1,0.62,145790000,1084677600,1.66
5,8,NASDAQ,USA,14.75,1,1,0,0,0,0,0,1,0.23,145915000,1755357450,2.26
6,8,NASDAQ,USA,26.95,1,1,0,0,0,0,0,1,0.83,158096000,2331916000,4.95
7,8,NASDAQ,USA,19.44,1,1,0,0,0,0,0,1,-0.28,158096000,4260687200,3.29
8,8,NASDAQ,USA,11.99,1,1,0,0,0,0,0,1,-0.38,158096000,3073386240,1.65
9,8,NASDAQ,USA,11.6,1,1,0,0,0,0,0,1,-0.03,167520000,2008564800,1.56
10,8,NASDAQ,USA,9.85,1,1,0,0,0,0,0,1,-0.15,167520000,1943232000,1.17
11,8,NASDAQ,USA,12.22,1,1,1,0,0,0,0,1,0.24,167520000,1650072000,1.7
12,8,NASDAQ,USA,8.85,1,1,1,0,0,0,0,1,-0.28,169409000,2070177980,0.95
13,8,NASDAQ,USA,12.75,1,1,1,0,0,0,0,1,0.44,169409000,1499269650,1.81
14,8,NASDAQ,USA,11.1,1,1,1,0,0,0,0,1,-0.13,207206000,2641876500,1.45
15,8,NASDAQ,USA,9.28,1,1,1,0,0,0,0,1,-0.16,207206000,2299986600,1.05
16,8,NASDAQ,USA,6.81,1,1,1,0,0,0,0,1,-0.27,208306000,1933079680,0.5
17,8,NASDAQ,USA,7.55,1,1,1,0,0,0,0,1,0.11,208306000,1418563860,0.67
18,8,NASDAQ,USA,9.27,1,1,1,1,0,0,0,1,0.23,208306000,1572710300,1.05
19,8,NASDAQ,USA,8.4,1,1,1,1,0,0,0,1,-0.09,208306000,1930996620,0.85
20,8,NASDAQ,USA,8.64,1,1,1,1,0,0,0,1,0.03,208306000,1749770400,0.91
21,8,NASDAQ,USA,7.16,1,1,1,1,0,0,0,1,-0.17,210357000,1817484480,0.58
22,8,NASDAQ,USA,6.55,1,1,1,1,0,0,0,1,-0.09,210357000,1506156120,0.45
2,9,TYO,Japan,388,0,0,0,0,0,0,0,0,-0.34,106969561,592356631.9,-0.34
3,9,TYO,Japan,691,0,0,0,0,0,0,0,0,0.78,106973561,417711806.6,0.17
4,9,TYO,Japan,1489,0,0,0,0,0,0,0,0,1.15,112289561,732713070,1.52
5,9,TYO,Japan,2114,0,0,0,0,0,0,0,0,0.42,122994561,1861340235,2.58
6,9,TYO,Japan,2235,0,0,0,0,0,0,0,0,0.06,122994561,2348471940,2.78
7,9,TYO,Japan,1437,1,1,0,0,0,0,0,0,-0.36,122994561,2354714664,1.43
8,9,TYO,Japan,1510,1,1,0,0,0,0,0,0,0.05,122994561,1784749025,1.55
9,9,TYO,Japan,1448,1,1,0,0,0,0,0,0,-0.04,122998561,1731664995,1.45
10,9,TYO,Japan,1090,1,1,0,0,0,0,0,0,-0.25,122998561,1692833974,0.84
11,9,TYO,Japan,1301,1,1,0,0,0,0,0,0,0.19,122998561,1329877100,1.2
12,9,TYO,Japan,1245,1,1,1,0,0,0,0,0,-0.04,122999561,1457872607,1.11
13,9,TYO,Japan,1198,1,1,1,0,0,0,0,0,-0.04,133059400,1596012370,1.03
14,9,TYO,Japan,1009,1,1,1,0,0,0,0,0,-0.16,133059400,1538195663,0.71
15,9,TYO,Japan,1068,1,1,1,0,0,0,0,0,0.06,133059400,1241469584,0.81
16,9,TYO,Japan,994,1,1,1,0,0,0,0,0,-0.07,146494700,1415902515,0.68
17,9,TYO,Japan,1027,1,1,1,0,0,0,0,0,0.03,153544700,1398142577,0.74
18,9,TYO,Japan,894,1,1,1,0,0,0,0,0,-0.13,153072400,1429236619,0.51
19,9,TYO,Japan,687,1,1,1,0,0,0,0,0,-0.23,153072400,1227006886,0.16
20,9,TYO,Japan,798,1,1,1,0,0,0,0,0,0.16,153072400,980963064.7,0.35
21,9,TYO,Japan,690,1,1,1,0,0,0,0,0,-0.14,153072400,1136917914,0.17
22,9,TYO,Japan,619,1,1,1,0,0,0,0,0,-0.1,153072400,955626540.1,0.05
2,10,KRX,South Korea,3507.81,0,0,0,0,0,0,0,0,-0.16,24522214,10498189352,-0.16
3,10,KRX,South Korea,11784.04,0,0,0,0,0,0,0,0,2.36,32926157,17313955136,1.83
4,10,KRX,South Korea,8495.47,0,0,0,0,0,0,0,0,-0.28,32937398,61492382940,1.04
5,10,KRX,South Korea,10600,0,0,0,0,0,0,0,0,0.25,33118808,43358927982,1.54
6,10,KRX,South Korea,9690,0,0,0,0,0,0,0,0,-0.09,33118808,48167505983,1.32
7,10,KRX,South Korea,9000,0,0,0,0,0,0,0,0,-0.07,33118808,44265397187,1.16
8,10,KRX,South Korea,28700,0,0,0,0,0,0,0,0,2.19,44618808,56977522304,5.88
9,10,KRX,South Korea,29650,0,0,0,0,0,0,0,0,0.03,44630808,186668000000,6.11
10,10,KRX,South Korea,28250,0,0,0,0,0,0,0,0,-0.05,44687508,197062000000,5.77
11,10,KRX,South Korea,27000,0,0,0,0,0,0,0,0,-0.04,44740008,194134000000,5.47
12,10,KRX,South Korea,21550,1,1,0,0,0,0,0,0,-0.2,44763008,180349000000,4.17
13,10,KRX,South Korea,16600,1,1,0,0,0,0,0,0,-0.23,44771008,149010000000,2.98
14,10,KRX,South Korea,14100,1,1,0,0,0,0,0,0,-0.15,44771008,121872000000,2.38
15,10,KRX,South Korea,11700,1,1,0,0,0,0,0,0,-0.17,44771008,96935842038,1.81
16,10,KRX,South Korea,17400,1,1,0,0,0,0,0,0,0.49,44771008,78256135766,3.17
17,10,KRX,South Korea,22900,1,1,0,0,0,0,0,0,0.32,45189008,110346000000,4.49
18,10,KRX,South Korea,47300,1,1,0,0,0,0,0,0,1.07,45189008,162095000000,10.34
19,10,KRX,South Korea,41500,1,1,1,0,0,0,0,0,-0.12,45189008,325503000000,8.95
20,10,KRX,South Korea,32950,1,1,1,0,0,0,0,0,-0.21,45211508,293106000000,6.9
21,10,KRX,South Korea,34300,1,1,1,0,0,0,0,0,0.04,45211508,236651000000,7.23
22,10,KRX,South Korea,28287.69,1,1,1,0,0,0,0,0,-0.18,45211508,240615000000,5.78
2,11,NASDAQ,USA,1.4,0,0,0,0,0,0,0,1,-0.29,10711000,20993560,-0.29
3,11,NASDAQ,USA,1.27,1,0,0,0,0,0,0,1,-0.09,10711000,14995400,-0.35
4,11,NASDAQ,USA,1.79,1,0,0,0,0,0,0,1,0.41,22753000,28896310,-0.09
5,11,NASDAQ,USA,2.23,1,0,0,0,0,0,0,1,0.25,22753000,40727870,0.14
6,11,NASDAQ,USA,2.05,1,0,0,0,0,0,0,1,-0.08,22753000,50739190,0.05
7,11,NASDAQ,USA,4.2,1,0,0,0,0,0,0,1,1.05,23032000,47215600,1.14
8,11,NASDAQ,USA,3.53,1,0,0,0,0,0,0,1,-0.16,23032000,96734400,0.8
9,11,NASDAQ,USA,3.38,1,0,0,0,0,0,0,1,-0.04,27663000,97650390,0.72
10,11,NASDAQ,USA,3.79,1,0,0,0,0,0,0,1,0.12,27663000,93500940,0.93
11,11,NASDAQ,USA,5.2,1,0,0,0,0,0,0,1,0.37,27688000,104937520,1.65
12,11,NASDAQ,USA,6.45,1,0,0,0,0,0,0,1,0.24,27688000,143977600,2.29
13,11,NASDAQ,USA,7.71,1,0,0,0,0,0,0,1,0.2,27991000,180541950,2.93
14,11,NASDAQ,USA,5.5,1,1,0,0,0,0,0,1,-0.29,35703000,275270130,1.81
15,11,NASDAQ,USA,4.77,1,1,0,0,0,0,0,1,-0.13,35703000,196366500,1.43
16,11,NASDAQ,USA,4.86,1,1,0,0,0,0,0,1,0.02,37147000,177191190,1.48
17,11,NASDAQ,USA,4.01,1,1,0,0,0,0,0,1,-0.17,37147000,180534420,1.05
18,11,NASDAQ,USA,2.81,1,1,0,0,0,0,0,1,-0.3,37147000,148959470,0.43
19,11,NASDAQ,USA,2.18,1,1,0,0,0,0,0,1,-0.22,39185000,110109850,0.11
20,11,NASDAQ,USA,2.34,1,1,0,0,0,0,0,1,0.07,39185000,85423300,0.19
21,11,NASDAQ,USA,2.13,1,1,0,0,0,0,0,1,-0.09,39185000,91692900,0.09
22,11,NASDAQ,USA,1.89,1,1,0,0,0,0,0,1,-0.11,39185000,83464050,-0.04
2,12,LON,UK,6.46,0,0,0,0,0,0,0,0,-0.04,465355867,45263031.65,-0.04
3,12,LON,UK,4.89,0,0,0,0,0,0,0,0,-0.24,465355867,36781891.22,-0.27
4,12,LON,UK,7.98,0,0,0,0,0,0,0,0,0.63,465355867,28901685.64,0.19
5,12,LON,UK,5.68,0,0,0,0,0,0,0,0,-0.29,465355867,27210074.93,-0.15
6,12,LON,UK,5.24,0,0,0,0,0,0,0,0,-0.08,465355867,46280143.59,-0.22
7,12,LON,UK,6.89,0,0,0,0,0,0,0,0,0.32,465355867,33009647.75,0.03
8,12,LON,UK,8.18,0,0,0,0,0,0,0,0,0.19,465355867,33926709.74,0.22
9,12,LON,UK,16.6,0,0,0,0,0,0,0,0,1.03,471065756,40252855.99,1.47
10,12,LON,UK,13.63,0,0,0,0,0,0,0,0,-0.18,629127092,68206249.3,1.03
11,12,LON,UK,11.63,0,0,0,0,0,0,0,0,-0.15,629127092,139174541.9,0.73
12,12,LON,UK,14,0,0,0,0,0,0,0,0,0.2,791917828,146209375.5,1.09
13,12,LON,UK,14.25,0,0,0,0,0,0,0,0,0.02,815218831,129266378.2,1.12
14,12,LON,UK,23,0,0,0,0,0,0,0,0,0.61,815218831,158307873.1,2.43
15,12,LON,UK,22.75,0,0,0,0,0,0,0,0,-0.01,815218831,149700222.7,2.39
16,12,LON,UK,22,0,0,0,0,0,0,0,0,-0.03,815218831,240205081.3,2.28
17,12,LON,UK,20,0,0,0,0,0,0,0,0,-0.09,815218831,263707240.7,1.98
18,12,LON,UK,21.6,0,0,0,0,0,0,0,0,0.08,815218831,251336071.9,2.22
19,12,LON,UK,22.75,0,0,0,0,0,0,0,0,0.05,815218831,222935193.3,2.39
20,12,LON,UK,22.75,0,0,0,0,0,0,0,0,0,815218831,240677249.7,2.39
21,12,LON,UK,22.25,1,1,0,0,0,0,0,0,-0.02,815218831,254942889.5,2.32
22,12,LON,UK,21.75,1,1,0,0,0,0,0,0,-0.02,815218831,252193419.4,2.24
2,13,EPA,France,46.25,0,0,0,0,0,0,0,1,-0.04,1253846111,121899000000,-0.04
3,13,EPA,France,43.72,0,0,0,0,0,0,0,1,-0.05,1253846111,117151000000,-0.09
4,13,EPA,France,46.83,0,0,0,0,0,0,0,1,0.07,1253846111,109386000000,-0.03
5,13,EPA,France,49.11,0,0,0,0,0,0,0,1,0.05,1253846111,121526000000,0.02
6,13,EPA,France,51.05,0,0,0,0,0,0,0,1,0.04,1256100224,121806000000,0.06
7,13,EPA,France,52.45,0,0,0,0,0,0,0,1,0.03,1256103874,128779000000,0.09
8,13,EPA,France,50.58,0,0,0,0,0,0,0,1,-0.04,1258936943,130159000000,0.05
9,13,EPA,France,50.17,0,0,0,0,0,0,0,1,-0.01,1258936943,124970000000,0.04
10,13,EPA,France,45.3,0,0,0,0,0,0,0,1,-0.1,1258936943,126580000000,-0.06
11,13,EPA,France,50.2,1,0,0,0,0,0,0,1,0.11,1258964700,117630000000,0.04
12,13,EPA,France,48.59,1,0,0,0,0,0,0,1,-0.03,1258964700,125362000000,0.01
13,13,EPA,France,47.21,1,0,0,0,0,0,0,1,-0.03,1258964700,120637000000,-0.02
14,13,EPA,France,45.89,1,0,0,0,0,0,0,1,-0.03,1258971738,119764000000,-0.05
15,13,EPA,France,49.46,1,1,0,0,0,0,0,1,0.08,1258971738,116357000000,0.02
16,13,EPA,France,52.37,1,1,0,0,0,0,0,1,0.06,1258971738,126173000000,0.08
17,13,EPA,France,53.43,1,1,0,0,0,0,0,1,0.02,1260723384,130767000000,0.11
18,13,EPA,France,52.66,1,1,0,0,0,0,0,1,-0.01,1260761548,131480000000,0.09
19,13,EPA,France,51.56,1,1,0,0,0,0,0,1,-0.02,1260785780,134257000000,0.07
20,13,EPA,France,51.78,1,1,0,0,0,0,0,1,0,1263348482,129600000000,0.07
21,13,EPA,France,48.21,1,1,0,0,0,0,0,1,-0.07,1263433015,131055000000,0
22,13,EPA,France,48.2,0,0,0,0,0,0,1,1,0,1263463400,122881000000,0
2,14,LON,UK,43.8,1,0,0,0,0,0,0,1,-0.1,1312187447,126882000000,-0.1
3,14,LON,UK,44.66,1,0,0,0,0,0,0,1,0.02,1312206278,113603000000,-0.08
4,14,LON,UK,52.28,1,0,0,0,0,0,0,1,0.17,1312225245,115760000000,0.07
5,14,LON,UK,54.6,1,1,1,0,0,0,0,1,0.04,1312241922,132490000000,0.12
6,14,LON,UK,52.89,1,1,1,1,0,0,0,1,-0.03,1312261399,142883000000,0.09
7,14,LON,UK,55.78,1,1,1,1,0,0,0,1,0.05,1312271081,140475000000,0.15
8,14,LON,UK,56,1,1,1,1,0,0,0,1,0,1312278985,151127000000,0.15
9,14,LON,UK,54.8,1,1,1,1,0,0,0,1,-0.02,1312287762,139269000000,0.13
10,14,LON,UK,50.16,1,1,1,1,0,0,0,1,-0.08,1312296277,144469000000,0.03
11,14,LON,UK,52.94,1,1,1,1,0,0,0,1,0.06,1312307462,134737000000,0.09
12,14,LON,UK,49.99,1,1,1,1,0,0,0,1,-0.06,1312315482,137444000000,0.03
13,14,LON,UK,50.6,1,1,1,1,1,0,0,1,0.01,1312660216,131135000000,0.04
14,14,LON,UK,48.38,1,1,1,1,1,0,0,1,-0.04,1312698568,134522000000,-0.01
15,14,LON,UK,49.72,1,1,1,1,1,1,0,1,0.03,1312719591,126987000000,0.02
16,14,LON,UK,53.07,1,1,1,1,1,1,0,1,0.07,1312738153,130241000000,0.09
17,14,LON,UK,56.77,1,1,1,1,1,1,0,1,0.07,1312738153,142441000000,0.17
18,14,LON,UK,59.9,1,1,1,1,1,1,0,1,0.06,1312772156,146385000000,0.23
19,14,LON,UK,57.24,1,1,1,1,1,1,0,1,-0.04,1312787870,158506000000,0.18
20,14,LON,UK,58.28,1,1,1,1,1,1,0,1,0.02,1549116349,176826000000,0.2
21,14,LON,UK,60.06,1,1,1,1,1,1,0,1,0.03,1549128072,181347000000,0.23
22,14,LON,UK,59.86,1,1,1,1,1,1,0,1,0,1549135894,184806000000,0.23
2,15,HKG,China,81.6,0,0,0,0,0,0,0,0,0.29,132670900,1322033981,0.29
3,15,HKG,China,125,0,0,0,0,0,0,0,0,0.53,132670900,1575921556,0.98
4,15,HKG,China,164.5,0,0,0,0,0,0,0,0,0.32,132670900,2475250560,1.6
5,15,HKG,China,181.4,1,1,0,0,0,0,0,0,0.1,132670900,3086737384,1.87
6,15,HKG,China,213.8,1,1,0,0,0,0,0,0,0.18,132670900,3552279078,2.38
7,15,HKG,China,271.4,1,1,1,0,1,0,0,0,0.27,132670900,4005212971,3.29
8,15,HKG,China,164.3,1,1,1,1,1,0,0,0,-0.39,132670900,4924170076,1.6
9,15,HKG,China,164.4,1,1,1,1,1,0,0,0,0,132670900,3041878741,1.6
10,15,HKG,China,150.9,1,1,1,1,1,0,0,0,-0.08,132670900,3200872302,1.39
11,15,HKG,China,170,1,1,1,1,1,0,0,0,0.13,132670900,2825604666,1.69
12,15,HKG,China,176.2,1,1,1,1,1,0,0,0,0.04,132670900,3520383590,1.79
13,15,HKG,China,252.4,1,1,1,1,1,0,0,0,0.43,132670900,3580418054,2.99
14,15,HKG,China,369,1,1,1,1,1,1,0,0,0.46,132670900,6065109984,4.83
15,15,HKG,China,294,1,1,1,1,1,1,0,0,-0.2,132670900,7739992527,3.65
16,15,HKG,China,389,1,1,1,1,1,1,0,0,0.32,132670900,6445855302,5.15
17,15,HKG,China,343.2,1,1,1,1,1,1,0,0,-0.12,132670900,7762483972,4.43
18,15,HKG,China,412.6,1,1,1,1,1,1,0,0,0.2,132670900,6726910808,5.52
19,15,HKG,China,329,1,1,1,1,1,1,0,0,-0.2,132670900,8518639903,4.2
20,15,HKG,China,307.4,1,1,1,1,1,1,0,0,-0.07,132670900,6903613542,3.86
21,15,HKG,China,275,1,1,1,1,1,1,0,0,-0.11,132670900,6246004966,3.35
22,15,HKG,China,230.6,1,1,1,1,1,1,0,0,-0.16,132670900,5650022912,2.65
2,16,NYSE,USA,134.48,1,0,0,0,0,0,0,1,-0.1,2631872000,391807000000,-0.1
3,16,NYSE,USA,131.13,1,0,0,0,0,0,0,1,-0.02,2634721000,354317000000,-0.12
4,16,NYSE,USA,150.04,1,0,0,0,0,0,0,1,0.14,2636352000,345705000000,0.01
5,16,NYSE,USA,148.75,1,0,0,0,0,0,0,1,-0.01,2634595000,395295000000,0
6,16,NYSE,USA,140.63,1,0,0,0,0,0,0,1,-0.05,2634595000,391896000000,-0.06
7,16,NYSE,USA,145.76,1,1,1,0,0,0,0,1,0.04,2634595000,370503000000,-0.02
8,16,NYSE,USA,153.41,1,1,1,0,0,0,0,1,0.05,2632823000,383760000000,0.03
9,16,NYSE,USA,148.88,1,1,1,1,0,0,0,1,-0.03,2632823000,403901000000,0
10,16,NYSE,USA,137.11,1,1,1,1,0,0,0,1,-0.08,2632823000,391975000000,-0.08
11,16,NYSE,USA,144.68,1,1,1,1,0,0,0,1,0.06,2632543000,360948000000,-0.03
12,16,NYSE,USA,157.38,1,1,1,1,0,0,0,1,0.09,2632543000,380876000000,0.06
13,16,NYSE,USA,163.13,1,1,1,1,0,0,0,1,0.04,2632543000,414310000000,0.1
14,16,NYSE,USA,158.46,1,1,1,1,0,0,0,1,-0.03,2632543000,429447000000,0.06
15,16,NYSE,USA,164.35,1,1,1,1,1,0,0,1,0.04,2628680000,416541000000,0.1
16,16,NYSE,USA,162.73,1,1,1,1,1,0,0,1,-0.01,2632707000,432685000000,0.09
17,16,NYSE,USA,169.25,1,1,1,1,1,0,0,1,0.04,2632707000,428420000000,0.14
18,16,NYSE,USA,164.74,1,1,1,1,1,0,0,1,-0.03,2633396000,445702000000,0.11
19,16,NYSE,USA,172.2,1,1,1,1,1,0,0,1,0.05,2633396000,433826000000,0.16
20,16,NYSE,USA,173.13,1,1,1,1,1,0,0,1,0.01,2632482000,453313000000,0.16
21,16,NYSE,USA,161.5,1,1,1,1,1,0,0,1,-0.07,2632482000,455762000000,0.08
22,16,NYSE,USA,159.91,1,1,1,1,1,0,0,1,-0.01,2632482000,425146000000,0.07
2,17,NASDAQ,USA,2.87,0,0,0,0,0,0,0,1,1.3,47723000,59653750,1.3
3,17,NASDAQ,USA,1.77,0,0,0,0,0,0,0,1,-0.38,47723000,136965010,0.42
4,17,NASDAQ,USA,2.7,1,0,0,0,0,0,0,1,0.53,70734000,125199180,1.16
5,17,NASDAQ,USA,2.68,1,0,0,0,0,0,0,1,-0.01,70827000,191232900,1.14
6,17,NASDAQ,USA,8.85,1,0,0,0,0,0,0,1,2.3,74184000,198813120,6.08
7,17,NASDAQ,USA,9.39,1,0,0,0,0,0,0,1,0.06,74184000,656528400,6.51
8,17,NASDAQ,USA,5.93,1,0,0,0,0,0,0,1,-0.37,74184000,696587760,3.74
9,17,NASDAQ,USA,6.65,1,0,0,0,0,0,0,1,0.12,109202000,647567860,4.32
10,17,NASDAQ,USA,4.92,1,1,0,0,0,0,0,1,-0.26,109202000,726193300,2.94
11,17,NASDAQ,USA,7.98,1,1,0,0,0,0,0,1,0.62,109469000,538587480,5.38
12,17,NASDAQ,USA,5.71,1,1,0,0,0,0,0,1,-0.28,109469000,873562620,3.57
13,17,NASDAQ,USA,11.98,1,1,0,0,0,0,0,1,1.1,109469000,625067990,8.58
14,17,NASDAQ,USA,7.15,1,1,0,0,0,0,0,1,-0.4,109469000,1311438620,4.72
15,17,NASDAQ,USA,6.05,1,1,0,0,0,0,0,1,-0.15,117767000,842034050,3.84
16,17,NASDAQ,USA,10.78,1,1,0,0,0,0,0,1,0.78,117767000,712490350,7.62
17,17,NASDAQ,USA,6.62,1,1,0,0,0,0,0,1,-0.39,117767000,1269528260,4.3
18,17,NASDAQ,USA,7.49,1,1,0,0,0,0,0,1,0.13,122268000,809414160,4.99
19,17,NASDAQ,USA,7.19,1,1,0,0,0,0,0,1,-0.04,122268000,915787320,4.75
20,17,NASDAQ,USA,8.95,1,1,0,0,0,0,0,1,0.24,122268000,879106920,6.16
21,17,NASDAQ,USA,7.95,1,1,0,0,0,0,0,1,-0.11,122818000,1099221100,5.36
22,17,NASDAQ,USA,7.1,1,1,1,0,0,0,0,1,-0.11,125271000,995904450,4.68
2,19,NASDAQ,USA,16,0,0,0,0,0,0,0,1,1.1,32123000,244777260,1.1
3,19,NASDAQ,USA,13.58,0,0,0,0,0,0,0,1,-0.15,32123000,513968000,0.78
4,19,NASDAQ,USA,18.13,0,0,0,0,0,0,0,1,0.34,51529000,699763820,1.38
5,19,NASDAQ,USA,46.04,1,1,0,0,0,0,0,1,1.54,57943000,1050506590,5.04
6,19,NASDAQ,USA,83.35,1,1,0,0,0,0,0,1,0.81,57959000,2668432360,9.94
7,19,NASDAQ,USA,143.1,1,1,0,0,0,0,0,1,0.72,57959000,4830882650,17.78
8,19,NASDAQ,USA,110.34,1,1,1,0,0,0,0,1,-0.23,57959000,8293932900,13.48
9,19,NASDAQ,USA,108.35,1,1,1,0,0,0,0,1,-0.02,61278000,6761414520,13.22
10,19,NASDAQ,USA,80.71,1,1,1,0,0,0,0,1,-0.26,61278000,6639471300,9.59
11,19,NASDAQ,USA,139.5,1,1,1,0,0,0,0,1,0.73,61278000,4945747380,17.31
12,19,NASDAQ,USA,111.51,1,1,1,0,0,0,0,1,-0.2,63660000,8880570000,13.63
13,19,NASDAQ,USA,220.94,1,1,1,1,0,0,0,1,0.98,63660000,7098726600,27.99
14,19,NASDAQ,USA,231.23,1,1,1,1,0,0,0,1,0.05,63660000,14065040400,29.35
15,19,NASDAQ,USA,181.31,1,1,1,1,0,0,0,1,-0.22,63660000,14720101800,22.79
16,19,NASDAQ,USA,236.93,1,1,1,1,0,0,0,1,0.31,73859000,13391375290,30.09
17,19,NASDAQ,USA,147.62,1,1,1,1,0,0,0,1,-0.38,74080000,17551774400,18.37
18,19,NASDAQ,USA,212.31,1,1,1,1,0,0,0,1,0.44,74094000,10937756280,26.86
19,19,NASDAQ,USA,179.33,1,1,1,1,0,0,0,1,-0.16,74094000,15730897140,22.53
20,19,NASDAQ,USA,238.54,1,1,1,1,0,0,0,1,0.33,74094000,13287277020,30.3
21,19,NASDAQ,USA,207.31,1,1,1,1,0,0,0,1,-0.13,74484000,17767413360,26.21
22,19,NASDAQ,USA,161.89,1,1,1,1,0,0,0,1,-0.22,74484000,15441278040,20.25
2,20,HKG,China,15.47,0,0,0,0,0,0,0,0,-0.05,1341810740,4863879841,-0.05
3,20,HKG,China,11.08,0,0,0,0,0,0,0,0,-0.28,1341810740,4631975949,-0.32
4,20,HKG,China,13.28,1,0,0,0,0,0,0,0,0.2,1341810740,3250061805,-0.18
5,20,HKG,China,12.25,1,0,0,0,1,0,0,0,-0.08,1341810740,3985370141,-0.25
6,20,HKG,China,12.67,1,1,1,0,1,0,0,0,0.03,1341810740,3724938136,-0.22
7,20,HKG,China,11.81,1,1,1,1,1,0,0,0,-0.07,1341810740,3759024613,-0.27
8,20,HKG,China,12.32,1,1,1,1,1,1,0,0,0.04,1341810740,3636595038,-0.24
9,20,HKG,China,10.56,1,1,1,1,1,1,0,0,-0.14,1341810740,3636044392,-0.35
10,20,HKG,China,11.37,1,1,1,1,1,1,0,0,0.08,1341810740,3201862405,-0.3
11,20,HKG,China,12.34,1,1,1,1,1,1,0,0,0.09,1341810740,3524314597,-0.24
12,20,HKG,China,11.96,1,1,1,1,1,1,0,0,-0.03,1341810740,3922191404,-0.26
13,20,HKG,China,12.29,1,1,1,1,1,1,0,0,0.03,1341810740,3869423861,-0.24
14,20,HKG,China,11.69,1,1,1,1,1,1,0,0,-0.05,1341810740,3966472901,-0.28
15,20,HKG,China,12.19,1,1,1,1,1,1,0,0,0.04,1341810740,3731419984,-0.25
16,20,HKG,China,15.46,1,1,1,1,1,1,0,0,0.27,1341810740,3997250778,-0.05
17,20,HKG,China,16.64,1,1,1,1,1,1,0,0,0.08,1341810740,5493121438,0.03
18,20,HKG,China,14.91,1,1,1,1,1,1,0,0,-0.1,1341810740,5467829315,-0.08
19,20,HKG,China,13.09,1,1,1,1,1,1,0,0,-0.12,1341810740,4823570217,-0.19
20,20,HKG,China,12.75,1,1,1,1,1,1,0,0,-0.03,1341810740,4299126860,-0.21
21,20,HKG,China,13.02,1,1,1,1,1,1,0,0,0.02,1341810740,4204497632,-0.2
22,20,HKG,China,12.85,1,1,1,1,1,1,0,0,-0.01,1341810740,4218219174,-0.21
2,22,LON,UK,0.86,0,0,0,0,0,0,0,1,-0.1,136654516,70889377.32,-0.09
3,22,LON,UK,0.82,0,0,0,0,0,0,0,1,-0.05,136654516,54006104.78,-0.14
4,22,LON,UK,1.11,0,0,0,0,0,0,0,1,0.36,153321181,66655835.29,0.17
5,22,LON,UK,2.65,0,0,0,0,0,0,0,1,1.39,160766883,94002874.86,1.79
6,22,LON,UK,2.57,0,0,0,0,0,0,0,1,-0.03,161031169,224609017.7,1.71
7,22,LON,UK,6.99,0,0,0,0,0,0,0,1,1.72,166409013,221326702.2,6.36
8,22,LON,UK,3.53,0,0,0,0,0,0,0,1,-0.49,168540593,522492531.5,2.72
9,22,LON,UK,3.33,0,0,0,0,0,0,0,1,-0.06,190559823,326902655.5,2.51
10,22,LON,UK,3.82,0,0,0,0,0,0,0,1,0.15,191441073,336801269.7,3.02
11,22,LON,UK,2.49,0,0,0,0,0,0,0,1,-0.35,193512501,327133934.6,1.62
12,22,LON,UK,2.02,0,0,0,0,0,0,0,1,-0.19,194612289,248248292.4,1.13
13,22,LON,UK,3.68,0,0,0,0,0,0,0,1,0.82,194612289,242890076.2,2.87
14,22,LON,UK,3.01,0,0,0,0,0,0,0,1,-0.18,194612289,402213649.4,2.17
15,22,LON,UK,2.77,0,0,0,0,0,0,0,1,-0.08,194612289,283199136.7,1.92
16,22,LON,UK,2.61,0,0,0,0,0,0,0,1,-0.06,194612289,265176402.8,1.75
17,22,LON,UK,2.35,0,0,0,0,0,0,0,1,-0.1,194612289,235390389.5,1.47
18,22,LON,UK,2.35,0,0,0,0,0,0,0,1,0,194612289,211363456.6,1.47
19,22,LON,UK,2.13,0,0,0,0,0,0,0,1,-0.09,194612289,198902948.1,1.24
20,22,LON,UK,1.66,0,0,0,0,0,0,0,1,-0.22,194612289,198140696.9,0.75
21,22,LON,UK,1.46,0,0,0,0,0,0,0,1,-0.12,194612289,164525294.3,0.54
22,22,LON,UK,1.42,0,0,0,0,0,0,0,1,-0.03,194612289,128348307.3,0.49
2,23,NASDAQ,USA,15.88,0,0,0,0,0,0,0,1,0.05,27816000,421134240,0.05
3,23,NASDAQ,USA,12.81,0,0,0,0,0,0,0,1,-0.19,27816000,441718080,-0.15
4,23,NASDAQ,USA,14.35,0,0,0,0,0,0,0,1,0.12,27816000,356322960,-0.05
5,23,NASDAQ,USA,17,0,0,0,0,0,0,0,1,0.18,27816000,399159600,0.12
6,23,NASDAQ,USA,15.08,0,0,0,0,0,0,0,1,-0.11,27889000,474113000,0
7,23,NASDAQ,USA,11.03,0,0,0,0,0,0,0,1,-0.27,30108000,454028640,-0.27
8,23,NASDAQ,USA,12.43,0,0,0,0,0,0,0,1,0.13,30108000,332091240,-0.18
9,23,NASDAQ,USA,13.31,0,0,0,0,0,0,0,1,0.07,30108000,374242440,-0.12
10,23,NASDAQ,USA,14.74,0,0,0,0,0,0,0,1,0.11,30118000,400870580,-0.03
11,23,NASDAQ,USA,11.18,0,0,0,0,0,0,0,1,-0.24,30118000,443939320,-0.26
12,23,NASDAQ,USA,12.2,0,0,0,0,0,0,0,1,0.09,39141000,437596380,-0.19
13,23,NASDAQ,USA,12.14,0,0,0,0,0,0,0,1,0,39141000,477520200,-0.2
14,23,NASDAQ,USA,12.98,0,0,0,0,0,0,0,1,0.07,39141000,475171740,-0.14
15,23,NASDAQ,USA,11.07,0,0,0,0,0,0,0,1,-0.15,39142000,508063160,-0.27
16,23,NASDAQ,USA,10.79,0,0,0,0,0,0,0,1,-0.03,39142000,433301940,-0.29
17,23,NASDAQ,USA,10.37,0,0,0,0,0,0,0,1,-0.04,39142000,422342180,-0.32
18,23,NASDAQ,USA,10.44,0,0,0,0,0,0,0,1,0.01,39106000,405529220,-0.31
19,23,NASDAQ,USA,9.52,0,0,0,0,0,0,0,1,-0.09,39106000,408266640,-0.37
20,23,NASDAQ,USA,31.31,0,0,0,0,0,0,0,1,2.29,39106000,372289120,1.07
21,23,NASDAQ,USA,15.76,0,0,0,0,0,0,0,1,-0.5,39106000,1224408860,0.04
22,23,NASDAQ,USA,14.81,0,0,0,0,0,0,0,1,-0.06,39115000,616452400,-0.02
2,25,NASDAQ,USA,1.05,0,0,0,0,0,0,0,0,-0.3,430756000,641826440,-0.3
3,25,NASDAQ,USA,2.67,0,0,0,0,0,0,0,0,1.54,446673000,468113304,0.79
4,25,NASDAQ,USA,3.5,0,0,0,0,0,0,0,0,0.31,446673000,1190383545,1.35
5,25,NASDAQ,USA,2.96,0,0,0,0,0,0,0,0,-0.15,482174000,1687609000,0.99
6,25,NASDAQ,USA,5.68,0,0,0,0,0,0,0,0,0.92,492544000,1457930240,2.81
7,25,NASDAQ,USA,4.97,0,0,0,0,0,0,0,0,-0.13,519698000,2951884640,2.34
8,25,NASDAQ,USA,3.36,0,0,0,0,0,0,0,0,-0.32,519698000,2584977852,1.26
9,25,NASDAQ,USA,2.92,0,0,0,0,0,0,0,0,-0.13,568242000,1909293120,0.96
10,25,NASDAQ,USA,2.49,0,0,0,0,0,0,0,0,-0.15,569068000,1661678560,0.67
11,25,NASDAQ,USA,2.67,0,0,0,0,0,0,0,0,0.07,570751000,1418316235,0.79
12,25,NASDAQ,USA,5.39,0,0,0,0,0,0,0,0,1.02,570751000,1523905170,2.62
13,25,NASDAQ,USA,5.55,0,0,0,0,0,0,0,0,0.03,592384000,3192949760,2.72
14,25,NASDAQ,USA,4.52,0,0,0,0,0,0,0,0,-0.19,599150000,3325282500,2.03
15,25,NASDAQ,USA,2.7,0,0,0,0,0,0,0,0,-0.4,599150000,2708158000,0.81
16,25,NASDAQ,USA,3.14,0,0,0,0,0,0,0,0,0.16,599150000,1617705000,1.11
17,25,NASDAQ,USA,1.9,0,0,0,0,0,0,0,0,-0.39,612875000,1924427500,0.28
18,25,NASDAQ,USA,1.7,0,0,0,0,0,0,0,0,-0.11,612875000,1164462500,0.14
19,25,NASDAQ,USA,1.69,0,0,0,0,0,0,0,0,-0.01,612875000,1041887500,0.13
20,25,NASDAQ,USA,1.38,0,0,0,0,0,0,0,0,-0.18,612875000,1035758750,-0.07
21,25,NASDAQ,USA,1.98,0,0,0,0,0,0,0,0,0.43,634150000,875127000,0.33
22,25,NASDAQ,USA,1.79,0,0,0,0,0,0,0,0,-0.1,651746000,1290457080,0.2
2,26,NASDAQ,USA,69.36,0,0,0,0,0,0,0,1,0.1,1265146000,79957227200,0.1
3,26,NASDAQ,USA,74.76,0,0,0,0,0,0,0,1,0.08,1263637000,87645862320,0.18
4,26,NASDAQ,USA,84,0,0,0,0,0,0,0,1,0.12,1259015000,94123961400,0.33
5,26,NASDAQ,USA,77.83,0,0,0,0,0,0,0,1,-0.07,1259015000,105757000000,0.23
6,26,NASDAQ,USA,76.94,0,0,0,0,0,0,0,1,-0.01,1254373000,97627850590,0.22
7,26,NASDAQ,USA,69.53,0,0,0,0,0,0,0,1,-0.1,1254373000,96511458620,0.1
8,26,NASDAQ,USA,66.75,0,0,0,0,0,0,0,1,-0.04,1254373000,87216554690,0.06
9,26,NASDAQ,USA,63.19,0,0,0,0,0,0,0,1,-0.05,1253724000,83686077000,0
10,26,NASDAQ,USA,58.15,0,0,0,0,0,0,0,1,-0.08,1253724000,79222819560,-0.08
11,26,NASDAQ,USA,60.67,0,0,0,0,0,0,0,1,0.04,1253000000,72861950000,-0.04
12,26,NASDAQ,USA,58.26,0,0,0,0,0,0,0,1,-0.04,1253528000,76051543760,-0.08
13,26,NASDAQ,USA,65.6,0,0,0,0,0,0,0,1,0.13,1253528000,73030541280,0.04
14,26,NASDAQ,USA,61.4,0,0,0,0,0,0,0,1,-0.06,1253528000,82231436800,-0.03
15,26,NASDAQ,USA,64.63,0,0,0,0,0,0,0,1,0.05,1256593000,77154810200,0.02
16,26,NASDAQ,USA,63.47,0,0,0,0,0,0,0,1,-0.02,1259056000,81372789280,0
17,26,NASDAQ,USA,66.11,0,0,0,0,0,0,0,1,0.04,1254000000,79591380000,0.05
18,26,NASDAQ,USA,68.86,0,0,0,0,0,0,0,1,0.04,1254178000,82913707580,0.09
19,26,NASDAQ,USA,68.29,0,0,0,0,0,0,0,1,-0.01,1254178000,86362697080,0.08
20,26,NASDAQ,USA,72.78,0,0,0,0,0,0,0,1,0.07,1254178000,85647815620,0.15
21,26,NASDAQ,USA,69.85,0,0,0,0,0,0,0,1,-0.04,1253809000,91252219020,0.11
22,26,NASDAQ,USA,67.48,0,0,0,0,0,0,0,1,-0.03,1253809000,87578558650,0.07
2,27,SWX,Switzerland,39.89,0,0,0,0,0,0,0,0,-0.05,702562700,235522000000,-0.05
3,27,SWX,Switzerland,40.57,0,0,0,0,0,0,0,0,0.02,702562700,226594000000,-0.03
4,27,SWX,Switzerland,43.47,0,0,0,0,0,0,0,0,0.07,702562700,233579000000,0.04
5,27,SWX,Switzerland,43.35,0,0,0,0,0,0,0,0,0,702562700,242884000000,0.04
6,27,SWX,Switzerland,43.38,0,0,0,0,0,0,0,0,0,702562700,241275000000,0.04
7,27,SWX,Switzerland,43.1,0,0,0,0,0,0,0,0,-0.01,702562700,245578000000,0.03
8,27,SWX,Switzerland,43.7,0,0,0,0,0,0,0,0,0.01,702562700,243969000000,0.05
9,27,SWX,Switzerland,42.81,0,0,0,0,0,0,0,0,-0.02,702562700,245457000000,0.02
10,27,SWX,Switzerland,39.99,0,0,0,0,0,0,0,0,-0.07,702562700,241959000000,-0.04
11,27,SWX,Switzerland,40.82,0,0,0,0,0,0,0,0,0.02,702562700,233557000000,-0.02
12,27,SWX,Switzerland,43.84,0,0,0,0,0,0,0,0,0.07,702562700,231282000000,0.05
13,27,SWX,Switzerland,43.41,0,0,0,0,0,0,0,0,-0.01,702562700,244160000000,0.04
14,27,SWX,Switzerland,41.1,0,0,0,0,0,0,0,0,-0.05,702562700,246816000000,-0.02
15,27,SWX,Switzerland,40.56,0,0,0,0,0,0,0,0,-0.01,702562700,234923000000,-0.03
16,27,SWX,Switzerland,40.71,0,0,0,0,0,0,0,0,0,702562700,230608000000,-0.03
17,27,SWX,Switzerland,43.76,0,0,0,0,0,0,0,0,0.07,702562700,229864000000,0.05
18,27,SWX,Switzerland,46.99,0,0,0,0,0,0,0,0,0.07,702562700,243312000000,0.12
19,27,SWX,Switzerland,48.26,0,0,0,0,0,0,0,0,0.03,702562700,270824000000,0.15
20,27,SWX,Switzerland,50.22,0,0,0,0,0,0,0,0,0.04,702562700,269461000000,0.2
21,27,SWX,Switzerland,45.47,0,0,0,0,0,0,0,0,-0.09,702562700,281792000000,0.09
22,27,SWX,Switzerland,47.23,0,0,0,0,0,0,0,0,0.04,702562700,262958000000,0.13
2,28,NASDAQ,USA,3,0,0,0,0,0,0,0,1,0.05,154059000,439068150,0.05
3,28,NASDAQ,USA,2,0,0,0,0,0,0,0,1,-0.33,154059000,462177000,-0.3
4,28,NASDAQ,USA,3.91,0,0,0,0,0,0,0,1,0.96,154192000,308384000,0.37
5,28,NASDAQ,USA,4.5,0,0,0,0,0,0,0,1,0.15,154257000,603144870,0.58
6,28,NASDAQ,USA,4.76,0,0,0,0,0,0,0,1,0.06,154357000,693834715,0.67
7,28,NASDAQ,USA,4.07,0,0,0,0,0,0,0,1,-0.14,176401000,840550765,0.43
8,28,NASDAQ,USA,4.15,0,0,0,0,0,0,0,1,0.02,176401000,717952070,0.46
9,28,NASDAQ,USA,3.44,0,0,0,0,0,0,0,1,-0.17,176566000,732748900,0.21
10,28,NASDAQ,USA,3.82,0,0,0,0,0,0,0,1,0.11,176566000,606504210,0.34
11,28,NASDAQ,USA,5.11,0,0,0,0,0,0,0,1,0.34,176566000,674482120,0.79
12,28,NASDAQ,USA,7.45,0,0,0,0,0,0,0,1,0.46,176566000,902252260,1.61
13,28,NASDAQ,USA,8.52,0,0,0,0,0,0,0,1,0.14,176566000,1315416700,1.99
14,28,NASDAQ,USA,10.78,0,0,0,0,0,0,0,1,0.27,176566000,1504342320,2.78
15,28,NASDAQ,USA,10.17,0,0,0,0,0,0,0,1,-0.06,176883000,1906798740,2.57
16,28,NASDAQ,USA,11.64,0,0,0,0,0,0,0,1,0.14,177183000,1801951110,3.08
17,28,NASDAQ,USA,15.77,0,0,0,0,0,0,0,1,0.35,177648000,2066934480,4.53
18,28,NASDAQ,USA,15.81,0,0,0,0,0,0,0,1,0,177696000,2802265920,4.55
19,28,NASDAQ,USA,16.12,0,0,0,0,0,0,0,1,0.02,177696000,2809373760,4.66
20,28,NASDAQ,USA,15.92,0,0,0,0,0,0,0,1,-0.01,177696000,2864459520,4.59
21,28,NASDAQ,USA,14.37,0,0,0,0,0,0,0,1,-0.1,178870000,2847610400,4.04
22,28,NASDAQ,USA,13.53,0,0,0,0,0,0,0,1,-0.06,178870000,2570361900,3.75
2,29,NASDAQ,USA,444.57,0,0,0,0,0,0,0,1,0.32,107947000,36479609180,0.32
3,29,NASDAQ,USA,488.29,0,0,0,0,0,0,0,1,0.1,108171000,48089581470,0.44
4,29,NASDAQ,USA,525.88,0,0,0,0,0,0,0,1,0.08,108171000,52818817590,0.56
5,29,NASDAQ,USA,612.81,0,0,0,0,0,0,0,1,0.17,110673000,58200717240,0.81
6,29,NASDAQ,USA,623.65,0,0,0,0,0,0,0,1,0.02,110673000,67821521130,0.85
7,29,NASDAQ,USA,632.07,0,0,0,0,0,0,0,1,0.01,110673000,69021216450,0.87
8,29,NASDAQ,USA,619.93,0,0,0,0,0,0,0,1,-0.02,110673000,69953083110,0.83
9,29,NASDAQ,USA,559.78,0,0,0,0,0,0,0,1,-0.1,104543000,64809341990,0.66
10,29,NASDAQ,USA,543.56,0,0,0,0,0,0,0,1,-0.03,104543000,58521080540,0.61
11,29,NASDAQ,USA,516.03,0,0,0,0,0,0,0,1,-0.05,104543000,56825393080,0.53
12,29,NASDAQ,USA,483.11,0,0,0,0,0,0,0,1,-0.06,104857000,54109357710,0.43
13,29,NASDAQ,USA,503.84,0,0,0,0,0,0,0,1,0.04,104857000,50657465270,0.49
14,29,NASDAQ,USA,450.57,0,0,0,0,0,0,0,1,-0.11,104857000,52831150880,0.33
15,29,NASDAQ,USA,473.14,0,0,0,0,0,0,0,1,0.05,105283000,47437361310,0.4
16,29,NASDAQ,USA,481.3,0,0,0,0,0,0,0,1,0.02,105283000,49813598620,0.42
17,29,NASDAQ,USA,502.43,0,0,0,0,0,0,0,1,0.04,104674000,50379596200,0.49
18,29,NASDAQ,USA,558.54,0,0,0,0,0,0,0,1,0.11,104695000,52601908850,0.65
19,29,NASDAQ,USA,574.61,0,0,0,0,0,0,0,1,0.03,104695000,58476345300,0.7
20,29,NASDAQ,USA,673.4,0,0,0,0,0,0,0,1,0.17,104695000,60158793950,0.99
21,29,NASDAQ,USA,605.18,0,0,0,0,0,0,0,1,-0.1,105106000,70778380400,0.79
22,29,NASDAQ,USA,546.57,0,0,0,0,0,0,0,1,-0.1,105106000,63608049080,0.62
2,31,NASDAQ,USA,0.02,0,0,0,0,0,0,0,0,-0.09,133558000,2484178800,0
3,31,NASDAQ,USA,0.09,0,0,0,0,0,0,0,0,3.45,134318000,2411008100,3.5
4,31,NASDAQ,USA,0.09,0,0,0,0,0,0,0,0,-0.01,134425000,2395453500,3.5
5,31,NASDAQ,USA,0.04,0,0,0,0,0,0,0,0,-0.53,134425000,3025906750,1
6,31,NASDAQ,USA,0.04,0,0,0,0,0,0,0,0,-0.1,134623000,3348074010,1
7,31,NASDAQ,USA,0.03,0,0,0,0,0,0,0,0,-0.09,134623000,3821946970,0.5
8,31,NASDAQ,USA,0.03,0,0,0,0,0,0,0,0,0,134623000,4185429070,0.5
9,31,NASDAQ,USA,0.04,0,0,0,0,0,0,0,0,0.11,135309000,3869837400,1
10,31,NASDAQ,USA,0.03,0,0,0,0,0,0,0,0,-0.32,135309000,3918548640,0.5
11,31,NASDAQ,USA,0.03,0,0,0,0,0,0,0,0,0,136156000,4751844400,0.5
12,31,NASDAQ,USA,0.03,0,0,0,0,0,0,0,0,0.2,136156000,5698128600,0.5
13,31,NASDAQ,USA,0.07,0,0,0,0,0,0,0,0,1.24,136156000,6238667920,2.5
14,31,NASDAQ,USA,0.05,0,0,0,0,0,0,0,0,-0.31,136156000,5461217160,1.5
15,31,NASDAQ,USA,0.05,0,0,0,0,0,0,0,0,0.02,136156000,6551826720,1.5
16,31,NASDAQ,USA,0.03,0,0,0,0,0,0,0,0,-0.32,136349000,6138431980,0.5
17,31,NASDAQ,USA,0.04,0,0,0,0,0,0,0,0,0.24,136349000,6859718190,1
18,31,NASDAQ,USA,0.03,0,0,0,0,0,0,0,0,-0.37,136552000,7246814640,0.5
19,31,NASDAQ,USA,0.02,0,0,0,0,0,0,0,0,-0.2,136552000,7671491360,0
20,31,NASDAQ,USA,0.02,0,0,0,0,0,0,0,0,0,136552000,7749326000,0
21,31,NASDAQ,USA,0.02,0,0,0,0,0,0,0,0,0,136385000,8472236200,0
22,31,NASDAQ,USA,0.02,0,0,0,0,0,0,0,0,0,136385000,8817290250,0
2,32,NASDAQ,USA,50.88,0,0,0,0,0,0,0,1,-0.01,19810000,1021007400,-0.01
3,32,NASDAQ,USA,51.43,0,0,0,0,0,0,0,1,0.01,19924000,1013733120,0
4,32,NASDAQ,USA,46.37,0,0,0,0,0,0,0,1,-0.1,19924000,1024691320,-0.1
5,32,NASDAQ,USA,51.49,0,0,0,0,0,0,0,1,0.11,19924000,923875880,0
6,32,NASDAQ,USA,50.21,0,0,0,0,0,0,0,1,-0.02,20004000,1030005960,-0.03
7,32,NASDAQ,USA,45.85,0,0,0,0,0,0,0,1,-0.09,20004000,1004400840,-0.11
8,32,NASDAQ,USA,52.19,0,0,0,0,0,0,0,1,0.14,20004000,917183400,0.01
9,32,NASDAQ,USA,45.78,0,0,0,0,0,0,0,1,-0.12,20072000,1047557680,-0.11
10,32,NASDAQ,USA,43.63,0,0,0,0,0,0,0,1,-0.05,20072000,918896160,-0.15
11,32,NASDAQ,USA,41.2,0,0,0,0,0,0,0,1,-0.06,20072000,875741360,-0.2
12,32,NASDAQ,USA,42.1,0,0,0,0,0,0,0,1,0.02,20079000,827254800,-0.18
13,32,NASDAQ,USA,48.06,0,0,0,0,0,0,0,1,0.14,20079000,845325900,-0.07
14,32,NASDAQ,USA,49.32,0,0,0,0,0,0,0,1,0.03,20143000,968072580,-0.04
15,32,NASDAQ,USA,49.32,0,0,0,0,0,0,0,1,0,20172000,994883040,-0.04
16,32,NASDAQ,USA,50.74,0,0,0,0,0,0,0,1,0.03,20172000,994883040,-0.02
17,32,NASDAQ,USA,48.66,0,0,0,0,0,0,0,1,-0.04,20172000,1023527280,-0.06
18,32,NASDAQ,USA,44.01,0,0,0,0,0,0,0,1,-0.1,20195000,982688700,-0.15
19,32,NASDAQ,USA,42.25,0,0,0,0,0,0,0,1,-0.04,20195000,888781950,-0.18
20,32,NASDAQ,USA,57.2,0,0,0,0,0,0,0,1,0.35,20195000,853238750,0.11
21,32,NASDAQ,USA,56.81,0,0,0,0,0,0,0,1,-0.01,20215000,1156298000,0.1
22,32,NASDAQ,USA,61.2,0,0,0,0,0,0,0,1,0.08,20215000,1148414150,0.19
2,33,NASDAQ,USA,1.96,0,0,0,0,0,0,0,1,-0.2,3925000,9616250,-0.2
3,33,NASDAQ,USA,1.58,0,0,0,0,0,0,0,1,-0.2,3925000,7693000,-0.36
4,33,NASDAQ,USA,1.48,0,0,0,0,0,0,0,1,-0.06,3925000,6183052.5,-0.4
5,33,NASDAQ,USA,1.54,0,0,0,0,0,0,0,1,0.04,6198000,9173040,-0.37
6,33,NASDAQ,USA,1.64,0,0,0,0,0,0,0,1,0.06,10523000,16205420,-0.33
7,33,NASDAQ,USA,1.62,0,0,0,0,0,0,0,1,-0.01,11906000,19525840,-0.34
8,33,NASDAQ,USA,1.08,0,0,0,0,0,0,0,1,-0.33,14504000,23496480,-0.56
9,33,NASDAQ,USA,0.81,0,0,0,0,0,0,0,1,-0.25,15213000,16430040,-0.67
10,33,NASDAQ,USA,0.69,0,0,0,0,0,0,0,1,-0.16,15421000,12554236.1,-0.72
11,33,NASDAQ,USA,0.7,0,0,0,0,0,0,0,1,0.02,15421000,10578806,-0.71
12,33,NASDAQ,USA,0.73,0,0,0,0,0,0,0,1,0.04,17677000,12412789.4,-0.7
13,33,NASDAQ,USA,1.04,0,0,0,0,0,0,0,1,0.42,17677000,12946634.8,-0.58
14,33,NASDAQ,USA,1.47,0,0,0,0,0,0,0,1,0.41,30429000,31646160,-0.4
15,33,NASDAQ,USA,1.21,0,0,0,0,0,0,0,1,-0.18,36452000,53584440,-0.51
16,33,NASDAQ,USA,1.1,0,0,0,0,0,0,0,1,-0.09,48794000,59040740,-0.55
17,33,NASDAQ,USA,1.18,0,0,0,0,0,0,0,1,0.07,49814000,54795400,-0.52
18,33,NASDAQ,USA,1.31,0,0,0,0,0,0,0,1,0.11,49819000,58786420,-0.47
19,33,NASDAQ,USA,1.13,0,0,0,0,0,0,0,1,-0.14,65340000,85595400,-0.54
20,33,NASDAQ,USA,1.07,0,0,0,0,0,0,0,1,-0.05,65340000,73834200,-0.56
21,33,NASDAQ,USA,1.33,0,0,0,0,0,0,0,1,0.24,65403000,69981210,-0.46
22,33,NASDAQ,USA,1.25,0,0,0,0,0,0,0,1,-0.06,65403000,86985990,-0.49
2,34,NYSE,USA,58.68,0,0,0,0,0,0,0,0,0.07,51624000,2843966160,0.07
3,34,NYSE,USA,57.86,0,0,0,0,0,0,0,0,-0.01,52000000,3051360000,0.05
4,34,NYSE,USA,73.95,0,0,0,0,0,0,0,0,0.28,52000000,3008720000,0.34
5,34,NYSE,USA,83.49,0,0,0,0,0,0,0,0,0.13,52266000,3865070700,0.52
6,34,NYSE,USA,79.08,0,0,0,0,0,0,0,0,-0.05,52428000,4377213720,0.44
7,34,NYSE,USA,111.24,0,0,0,0,0,0,0,0,0.41,52428000,4146006240,1.02
8,34,NYSE,USA,114.05,0,0,0,0,0,0,0,0,0.03,52428000,5832090720,1.07
9,34,NYSE,USA,103.33,0,0,0,0,0,0,0,0,-0.09,52925000,6036096250,0.88
10,34,NYSE,USA,89.97,0,0,0,0,0,0,0,0,-0.13,52925000,5468740250,0.63
11,34,NYSE,USA,81.93,0,0,0,0,0,0,0,0,-0.09,52925000,4761662250,0.49
12,34,NYSE,USA,89.6,0,0,0,0,0,0,0,0,0.09,52999000,4342208070,0.63
13,34,NYSE,USA,106.85,0,0,0,0,0,0,0,0,0.19,52999000,4748710400,0.94
14,34,NYSE,USA,96,0,0,0,0,0,0,0,0,-0.1,52999000,5662943150,0.74
15,34,NYSE,USA,92.91,0,0,0,0,0,0,0,0,-0.03,53300000,5116800000,0.69
16,34,NYSE,USA,60.98,0,0,0,0,0,0,0,0,-0.34,53300000,4952103000,0.11
17,34,NYSE,USA,60.65,0,0,0,0,0,0,0,0,-0.01,53577000,3267125460,0.1
18,34,NYSE,USA,62.99,0,0,0,0,0,0,0,0,0.04,53585000,3249930250,0.14
19,34,NYSE,USA,65.9,0,0,0,0,0,0,0,0,0.05,53585000,3375319150,0.2
20,34,NYSE,USA,63.08,0,0,0,0,0,0,0,0,-0.04,53585000,3531251500,0.15
21,34,NYSE,USA,50.07,0,0,0,0,0,0,0,0,-0.21,53701000,3387459080,-0.09
22,34,NYSE,USA,52.59,0,0,0,0,0,0,0,0,0.05,53701000,2688809070,-0.05
2,35,NYSE,USA,10.97,0,0,0,0,0,0,0,0,-0.16,35991000,469322640,-0.16
3,35,NYSE,USA,11.54,0,0,0,0,0,0,0,0,0.05,36427000,399604190,-0.12
4,35,NYSE,USA,17.6,0,0,0,0,0,0,0,0,0.53,37310000,430557400,0.35
5,35,NYSE,USA,13.33,0,0,0,0,0,0,0,0,-0.24,37437000,658891200,0.02
6,35,NYSE,USA,14.92,0,0,0,0,0,0,0,0,0.12,37634000,501661220,0.14
7,35,NYSE,USA,12.51,0,0,0,0,0,0,0,0,-0.16,37634000,561499280,-0.04
8,35,NYSE,USA,12.93,0,0,0,0,0,0,0,0,0.03,38522000,481910220,-0.01
9,35,NYSE,USA,12.75,0,0,0,0,0,0,0,0,-0.01,38624000,499408320,-0.02
10,35,NYSE,USA,12.03,0,0,0,0,0,0,0,0,-0.06,38624000,492456000,-0.08
11,35,NYSE,USA,12.5,0,0,0,0,0,0,0,0,0.04,38624000,464646720,-0.04
12,35,NYSE,USA,11.66,0,0,0,0,0,0,0,0,-0.07,38624000,482800000,-0.11
13,35,NYSE,USA,24.95,0,0,0,0,0,0,0,0,1.14,39756000,463554960,0.91
14,35,NYSE,USA,17.75,0,0,0,0,0,0,0,0,-0.29,39756000,991912200,0.36
15,35,NYSE,USA,15.21,0,0,0,0,0,0,0,0,-0.14,40529000,719389750,0.17
16,35,NYSE,USA,24.13,0,0,0,0,0,0,0,0,0.59,40529000,616446090,0.85
17,35,NYSE,USA,21.51,0,0,0,0,0,0,0,0,-0.11,40529000,977964770,0.65
18,35,NYSE,USA,8.68,0,0,0,0,0,0,0,0,-0.6,40907000,879909570,-0.33
19,35,NYSE,USA,8.03,0,0,0,0,0,0,0,0,-0.07,42739000,370974520,-0.38
20,35,NYSE,USA,11.58,0,0,0,0,0,0,0,0,0.44,42739000,343194170,-0.11
21,35,NYSE,USA,10.99,0,0,0,0,0,0,0,0,-0.05,43028000,498264240,-0.16
22,35,NYSE,USA,10.1,0,0,0,0,0,0,0,0,-0.08,43028000,472877720,-0.23
2,36,TYO,Japan,17.3,0,0,0,0,0,0,0,0,-0.1,1576356908,60044144801,-0.1
3,36,TYO,Japan,15.18,0,0,0,0,0,0,0,0,-0.12,1576356908,55295828150,-0.21
4,36,TYO,Japan,17.94,0,0,0,0,0,0,0,0,0.18,1576373908,47187632267,-0.07
5,36,TYO,Japan,19.5,0,0,0,0,0,0,0,0,0.09,1576373908,56193343667,0.01
6,36,TYO,Japan,17.93,0,0,0,0,0,0,0,0,-0.08,1576373908,60257508098,-0.07
7,36,TYO,Japan,18.2,0,0,0,0,0,0,0,0,0.02,1576373908,55589876419,-0.05
8,36,TYO,Japan,18.61,0,0,0,0,0,0,0,0,0.02,1576387908,57870766792,-0.03
9,36,TYO,Japan,17.84,0,0,0,0,0,0,0,0,-0.04,1576387908,58924121676,-0.07
10,36,TYO,Japan,15.39,0,0,0,0,0,0,0,0,-0.14,1576387908,56097655220,-0.2
11,36,TYO,Japan,17.83,0,0,0,0,0,0,0,0,0.16,1576387908,49727125427,-0.07
12,36,TYO,Japan,18.2,0,0,0,0,0,0,0,0,0.02,1576387908,56676007223,-0.05
13,36,TYO,Japan,17.63,0,0,0,0,0,0,0,0,-0.03,1576387908,57028818876,-0.08
14,36,TYO,Japan,16.71,0,0,0,0,0,0,0,0,-0.05,1576387908,55656827462,-0.13
15,36,TYO,Japan,18.26,0,0,0,0,0,0,0,0,0.09,1576387908,52354683328,-0.05
16,36,TYO,Japan,16.7,0,0,0,0,0,0,0,0,-0.09,1577850120,59105600975,-0.13
17,36,TYO,Japan,17.09,0,0,0,0,0,0,0,0,0.02,1577850120,52541251000,-0.11
18,36,TYO,Japan,16.83,0,0,0,0,0,0,0,0,-0.02,1577850120,52408874867,-0.12
19,36,TYO,Japan,16.5,0,0,0,0,0,0,0,0,-0.02,1578368120,53498972483,-0.14
20,36,TYO,Japan,16.59,0,0,0,0,0,0,0,0,0.01,1582252525,53032571546,-0.14
21,36,TYO,Japan,16.38,0,0,0,0,0,0,0,0,-0.01,1582252525,53558772573,-0.15
22,36,TYO,Japan,14.31,0,0,0,0,0,0,0,0,-0.13,1582252525,51382331577,-0.26
2,37,NYSE,USA,9.5,0,0,0,0,0,0,0,0,-0.43,7104000,119063040,-0.43
3,37,NYSE,USA,5.74,0,0,0,0,0,0,0,0,-0.4,7423000,70518500,-0.66
4,37,NYSE,USA,6,0,0,0,0,0,0,0,0,0.05,7408000,42521920,-0.64
5,37,NYSE,USA,7.52,0,0,0,0,0,0,0,0,0.25,7408000,44448000,-0.55
6,37,NYSE,USA,7.48,0,0,0,0,0,0,0,0,-0.01,9092000,68371840,-0.55
7,37,NYSE,USA,6.24,0,0,0,0,0,0,0,0,-0.17,9073000,67866040,-0.63
8,37,NYSE,USA,3.97,0,0,0,0,0,0,0,0,-0.36,10649000,66449760,-0.76
9,37,NYSE,USA,3.84,0,0,0,0,0,0,0,0,-0.03,10655000,42300350,-0.77
10,37,NYSE,USA,3.45,0,0,0,0,0,0,0,0,-0.1,10655000,40915200,-0.79
11,37,NYSE,USA,3.91,0,0,0,0,0,0,0,0,0.13,10654000,36756300,-0.77
12,37,NYSE,USA,2.87,0,0,0,0,0,0,0,0,-0.27,10665000,41700150,-0.83
13,37,NYSE,USA,4.04,0,0,0,0,0,0,0,0,0.41,10665000,30608550,-0.76
14,37,NYSE,USA,4.18,0,0,0,0,0,0,0,0,0.03,10665000,43086600,-0.75
15,37,NYSE,USA,4.72,0,0,0,0,0,0,0,0,0.13,10677000,44629860,-0.72
16,37,NYSE,USA,4.15,0,0,0,0,0,0,0,0,-0.12,10677000,50395440,-0.75
17,37,NYSE,USA,3.59,0,0,0,0,0,0,0,0,-0.13,10677000,44309550,-0.79
18,37,NYSE,USA,4.64,0,0,0,0,0,0,0,0,0.29,11505000,41302950,-0.72
19,37,NYSE,USA,4.02,0,0,0,0,0,0,0,0,-0.13,11505000,53383200,-0.76
20,37,NYSE,USA,3.87,0,0,0,0,0,0,0,0,-0.04,11505000,46250100,-0.77
21,37,NYSE,USA,4.64,0,0,0,0,0,0,0,0,0.2,11505000,44524350,-0.72
22,37,NYSE,USA,4.32,0,0,0,0,0,0,0,0,-0.07,11505000,53383200,-0.74
2,38,NASDAQ,USA,46.5,0,0,0,0,0,0,0,1,0.75,109679000,2920751770,0.75
3,38,NASDAQ,USA,34.27,0,0,0,0,0,0,0,1,-0.26,109679000,5100073500,0.29
4,38,NASDAQ,USA,30.51,0,0,0,0,0,0,0,1,-0.11,109800000,3762846000,0.15
5,38,NASDAQ,USA,34.18,0,0,0,0,0,0,0,1,0.12,109804000,3350120040,0.28
6,38,NASDAQ,USA,40.97,0,0,0,0,0,0,0,1,0.2,117902000,4029890360,0.54
7,38,NASDAQ,USA,47.76,0,0,0,0,0,0,0,1,0.17,117902000,4830444940,0.79
8,38,NASDAQ,USA,40.48,0,0,0,0,0,0,0,1,-0.15,125045000,5972149200,0.52
9,38,NASDAQ,USA,34.33,0,0,0,0,0,0,0,1,-0.15,127054000,5143145920,0.29
10,38,NASDAQ,USA,31.44,0,0,0,0,0,0,0,1,-0.08,127054000,4361763820,0.18
11,38,NASDAQ,USA,31.88,0,0,0,0,0,0,0,1,0.01,127054000,3994577760,0.2
12,38,NASDAQ,USA,26.78,0,0,0,0,0,0,0,1,-0.16,127389000,4061161320,0.01
13,38,NASDAQ,USA,64.54,0,0,0,0,0,0,0,1,1.41,127389000,3411477420,1.42
14,38,NASDAQ,USA,62.63,0,0,0,0,0,0,0,1,-0.03,127389000,8221686060,1.35
15,38,NASDAQ,USA,51.27,0,0,0,0,0,0,0,1,-0.18,127837000,8006431310,0.93
16,38,NASDAQ,USA,47.74,0,0,0,0,0,0,0,1,-0.07,127837000,6554202990,0.79
17,38,NASDAQ,USA,41.91,0,0,0,0,0,0,0,1,-0.12,127985000,6110003900,0.57
18,38,NASDAQ,USA,47.28,0,0,0,0,0,0,0,1,0.13,130040000,5449976400,0.78
19,38,NASDAQ,USA,35.65,0,0,0,0,0,0,0,1,-0.25,130040000,6148291200,0.34
20,38,NASDAQ,USA,51.54,0,0,0,0,0,0,0,1,0.45,130040000,4635926000,0.94
21,38,NASDAQ,USA,43.52,0,0,0,0,0,0,0,1,-0.16,130612000,6731742480,0.63
22,38,NASDAQ,USA,33.53,0,0,0,0,0,0,0,1,-0.23,130612000,5684234240,0.26
2,39,NYSE,USA,85.71,0,0,0,0,0,0,0,0,0.06,1478821000,119814000000,0.06
3,39,NYSE,USA,76.19,0,0,0,0,0,0,0,0,-0.11,1479157000,126779000000,-0.06
4,39,NYSE,USA,82.2,0,0,0,0,0,0,0,0,0.08,1476673000,112508000000,0.01
5,39,NYSE,USA,92.67,0,0,0,0,0,0,0,0,0.13,1476673000,121383000000,0.14
6,39,NYSE,USA,98.18,0,0,0,0,0,0,0,0,0.06,1762342000,163316000000,0.21
7,39,NYSE,USA,94.91,0,0,0,0,0,0,0,0,-0.03,1762342000,173027000000,0.17
8,39,NYSE,USA,95.77,0,0,0,0,0,0,0,0,0.01,1762342000,167264000000,0.18
9,39,NYSE,USA,87.59,0,0,0,0,0,0,0,0,-0.09,1764833000,169018000000,0.08
10,39,NYSE,USA,85.1,0,0,0,0,0,0,0,0,-0.03,1764833000,154582000000,0.05
11,39,NYSE,USA,104.58,0,0,0,0,0,0,0,0,0.23,1764833000,150187000000,0.29
12,39,NYSE,USA,107.15,0,0,0,0,0,0,0,0,0.02,1765474000,184633000000,0.32
13,39,NYSE,USA,102.48,0,0,0,0,0,0,0,0,-0.04,1765474000,189171000000,0.26
14,39,NYSE,USA,107.74,0,0,0,0,0,0,0,0,0.05,1765474000,180926000000,0.33
15,39,NYSE,USA,108.22,0,0,0,0,0,0,0,0,0,1765882000,190256000000,0.34
16,39,NYSE,USA,111.5,0,0,0,0,0,0,0,0,0.03,1764826000,190989000000,0.38
17,39,NYSE,USA,113.2,0,0,0,0,0,0,0,0,0.02,1764826000,196778000000,0.4
18,39,NYSE,USA,112.64,0,0,0,0,0,0,0,0,0,1766222000,199936000000,0.39
19,39,NYSE,USA,116.3,0,0,0,0,0,0,0,0,0.03,1766222000,198947000000,0.44
20,39,NYSE,USA,120.78,0,0,0,0,0,0,0,0,0.04,1766222000,205412000000,0.49
21,39,NYSE,USA,107.87,0,0,0,0,0,0,0,0,-0.11,1767176000,213440000000,0.33
22,39,NYSE,USA,109.32,0,0,0,0,0,0,0,0,0.01,1767176000,190625000000,0.35